"parlparseid","parlparsememberid","firstname","lastname","party","MP position","Constituency position"
"uk.org.publicwhip/person/10001","uk.org.publicwhip/member/40289","Diane","Abbott","lab",-0.533289576893225,-1.23033323905362
"uk.org.publicwhip/person/10005","uk.org.publicwhip/member/40185","Bob","Ainsworth","lab",-0.525173298440096,-0.661547812164868
"uk.org.publicwhip/person/10008","uk.org.publicwhip/member/40461","Graham","Allen","lab",-0.906682710170652,-0.51141100998584
"uk.org.publicwhip/person/10009","uk.org.publicwhip/member/40565","David","Amess","con",1.1247931234238,1.40037851342426
"uk.org.publicwhip/person/10013","uk.org.publicwhip/member/40439","James","Arbuthnot","con",1.36127386470483,2.03148251002469
"uk.org.publicwhip/person/10023","uk.org.publicwhip/member/40053","Tony","Baldry","con",0.937766296880525,1.43086093986362
"uk.org.publicwhip/person/10027","uk.org.publicwhip/member/40508","Kevin","Barron","lab",-0.803079434842216,-0.243770772736638
"uk.org.publicwhip/person/10029","uk.org.publicwhip/member/40682","Hugh","Bayley","lab",-0.584938472008263,-0.975103527800325
"uk.org.publicwhip/person/10031","uk.org.publicwhip/member/40202","Margaret","Beckett","lab",NA,0.0887703413887273
"uk.org.publicwhip/person/10032","uk.org.publicwhip/member/40037","Anne","Begg","lab",-0.676227053114607,-0.312633127485345
"uk.org.publicwhip/person/10034","uk.org.publicwhip/member/40073","Alan","Beith","lib",0.519078292886718,0.152691669018491
"uk.org.publicwhip/person/10039","uk.org.publicwhip/member/40102","Joe","Benton","lab",-0.977814462523439,-1.65061549958985
"uk.org.publicwhip/person/10041","uk.org.publicwhip/member/40406","Paul","Beresford","con",1.08375182707317,1.68671164262624
"uk.org.publicwhip/person/10045","uk.org.publicwhip/member/40526","Clive","Betts","lab",-0.828280723180817,-0.661161799880963
"uk.org.publicwhip/person/10048","uk.org.publicwhip/member/40517","Hazel","Blears","lab",-0.645309768040159,-0.698666338223367
"uk.org.publicwhip/person/10050","uk.org.publicwhip/member/40527","David","Blunkett","lab",-0.757380495235222,-0.919226955231441
"uk.org.publicwhip/person/10057","uk.org.publicwhip/member/40674","Peter","Bottomley","con",0.78303369692012,1.65253095385187
"uk.org.publicwhip/person/10062","uk.org.publicwhip/member/40041","Graham","Brady","con",1.30383002500491,1.16521722928215
"uk.org.publicwhip/person/10063","uk.org.publicwhip/member/40152","Tom","Brake","lib",0.501636942309678,1.0779450562081
"uk.org.publicwhip/person/10065","uk.org.publicwhip/member/40144","Julian","Brazier","con",1.34008502349918,0.218186144961624
"uk.org.publicwhip/person/10069","uk.org.publicwhip/member/40420","Nick","Brown","lab",-1.00966581766551,-1.53505593114894
"uk.org.publicwhip/person/10070","uk.org.publicwhip/member/40213","Russell","Brown","lab",-0.698623907499629,-0.494790940577436
"uk.org.publicwhip/person/10074","uk.org.publicwhip/member/40280","Malcolm","Bruce","lib",0.424058901435538,-0.201469631279038
"uk.org.publicwhip/person/10075","uk.org.publicwhip/member/40655","Karen","Buck","lab",-0.770388523698151,0.384041087293164
"uk.org.publicwhip/person/10076","uk.org.publicwhip/member/40085","Richard","Burden","lab",-1.07612623825419,-0.192259460728074
"uk.org.publicwhip/person/10086","uk.org.publicwhip/member/40619","Alan","Campbell","lab",-0.271716923637398,-0.075201998442369
"uk.org.publicwhip/person/10088","uk.org.publicwhip/member/40438","Menzies","Campbell","lib",0.399727996826942,-0.677640400964567
"uk.org.publicwhip/person/10089","uk.org.publicwhip/member/40096","Ronnie","Campbell","lab",-1.19652123197477,-0.790319425193739
"uk.org.publicwhip/person/10095","uk.org.publicwhip/member/40584","William","Cash","con",1.64242584294395,1.00312705466332
"uk.org.publicwhip/person/10096","uk.org.publicwhip/member/40282","Martin","Caton","lab",-1.07309519617541,-0.213198183139057
"uk.org.publicwhip/person/10103","uk.org.publicwhip/member/40171","Christopher","Chope","con",1.79120218989302,2.07981401544575
"uk.org.publicwhip/person/10106","uk.org.publicwhip/member/40314","James","Clappison","con",1.66279329772254,1.93971941169475
"uk.org.publicwhip/person/10116","uk.org.publicwhip/member/40179","Tom","Clarke","lab",-1.07093993827762,-1.7435018393613
"uk.org.publicwhip/person/10119","uk.org.publicwhip/member/40603","Geoffrey","Clifton-Brown","con",1.37264564816849,1.38734997818636
"uk.org.publicwhip/person/10120","uk.org.publicwhip/member/40194","Ann","Clwyd","lab",-0.924888534959075,-1.58466176248085
"uk.org.publicwhip/person/10121","uk.org.publicwhip/member/40269","Vernon","Coaker","lab",-0.885243371574077,0.280349573255941
"uk.org.publicwhip/person/10122","uk.org.publicwhip/member/40578","Ann","Coffey","lab",-0.477769295325555,-0.378589685986423
"uk.org.publicwhip/person/10128","uk.org.publicwhip/member/40369","Michael","Connarty","lab",-0.796801483710461,-1.07180789817632
"uk.org.publicwhip/person/10131","uk.org.publicwhip/member/40427","Yvette","Cooper","lab",-0.798904186446685,-0.773363383724277
"uk.org.publicwhip/person/10133","uk.org.publicwhip/member/40334","Jeremy","Corbyn","lab",-1.23440188292957,-1.45609052651541
"uk.org.publicwhip/person/10141","uk.org.publicwhip/member/40099","David","Crausby","lab",-1.0536907129763,0.385069205637713
"uk.org.publicwhip/person/10143","uk.org.publicwhip/member/40366","John","Cryer","lab",-1.27795670562535,-0.298529831536722
"uk.org.publicwhip/person/10147","uk.org.publicwhip/member/40187","Jim","Cunningham","lab",-0.720618165898757,-0.282882761101089
"uk.org.publicwhip/person/10153","uk.org.publicwhip/member/40241","Alistair","Darling","lab",NA,-0.378277322515501
"uk.org.publicwhip/person/10157","uk.org.publicwhip/member/40277","Ian","Davidson","lab",-1.06982809925464,-2.12419156348874
"uk.org.publicwhip/person/10159","uk.org.publicwhip/member/40597","Geraint","Davies","lab",-1.13399388785598,-1.08885257989478
"uk.org.publicwhip/person/10162","uk.org.publicwhip/member/40293","David","Davis","con",1.31599919464614,1.06487653191986
"uk.org.publicwhip/person/10170","uk.org.publicwhip/member/40316","Jim","Dobbin","lab",-1.20432211454616,-0.206787816322052
"uk.org.publicwhip/person/10171","uk.org.publicwhip/member/40319","Frank","Dobson","lab",-0.72616423970886,-0.784202002190662
"uk.org.publicwhip/person/10174","uk.org.publicwhip/member/40036","Frank","Doran","lab",-0.961227309301364,-1.04300179608397
"uk.org.publicwhip/person/10175","uk.org.publicwhip/member/40158","Stephen","Dorrell","con",NA,1.68658462493228
"uk.org.publicwhip/person/10176","uk.org.publicwhip/member/40364","Jim","Dowd","lab",-0.258974970078588,-0.401672460287767
"uk.org.publicwhip/person/10182","uk.org.publicwhip/member/40626","Angela","Eagle","lab",-0.888915759570589,-0.660434340592192
"uk.org.publicwhip/person/10183","uk.org.publicwhip/member/40267","Maria","Eagle","lab",-0.900085152757773,-1.4239876191535
"uk.org.publicwhip/person/10185","uk.org.publicwhip/member/40246","Clive","Efford","lab",-0.543125477813173,0.353878942859467
"uk.org.publicwhip/person/10186","uk.org.publicwhip/member/40370","Louise","Ellman","lab",-0.870730107737062,-2.38867235197832
"uk.org.publicwhip/person/10197","uk.org.publicwhip/member/40079","Frank","Field","lab",-0.353524434358627,-1.41727797070309
"uk.org.publicwhip/person/10199","uk.org.publicwhip/member/40484","Jim","Fitzpatrick","lab",-0.801092858320768,0.917229456076083
"uk.org.publicwhip/person/10202","uk.org.publicwhip/member/40206","Caroline","Flint","lab",-0.792083892074264,-0.254192396095947
"uk.org.publicwhip/person/10203","uk.org.publicwhip/member/40424","Paul","Flynn","lab",-0.683648128002447,-0.149513974886975
"uk.org.publicwhip/person/10208","uk.org.publicwhip/member/40062","Don","Foster","lib",0.457084860882057,-0.0247879456946561
"uk.org.publicwhip/person/10219","uk.org.publicwhip/member/40329","Mike","Gapes","lab",-0.858396515389405,0.651570371836743
"uk.org.publicwhip/person/10220","uk.org.publicwhip/member/40114","Barry","Gardiner","lab",-0.804928858814862,0.835025026680574
"uk.org.publicwhip/person/10222","uk.org.publicwhip/member/40572","Andrew","George","lib",0.358586650052636,0.53306959752995
"uk.org.publicwhip/person/10231","uk.org.publicwhip/member/40082","Roger","Godsiff","lab",-0.672095846874687,-0.190247099220792
"uk.org.publicwhip/person/10240","uk.org.publicwhip/member/40455","James","Gray","con",1.12203733689418,1.52981964944122
"uk.org.publicwhip/person/10252","uk.org.publicwhip/member/40414","Peter","Hain","lab",-0.815647705019604,-1.17769685968415
"uk.org.publicwhip/person/10256","uk.org.publicwhip/member/40355","Fabian","Hamilton","lab",-0.610678176136311,-0.0112954293803588
"uk.org.publicwhip/person/10258","uk.org.publicwhip/member/40486","Mike","Hancock","lib",0.263205050248799,0.00186076158943767
"uk.org.publicwhip/person/10259","uk.org.publicwhip/member/40199","David","Hanson","lab",-0.933696959340498,-0.17143210669724
"uk.org.publicwhip/person/10260","uk.org.publicwhip/member/40140","Harriet","Harman","lab",-0.713010699306624,-1.57376806459577
"uk.org.publicwhip/person/10267","uk.org.publicwhip/member/40440","Oliver","Heald","con",0.867063190697822,1.45912513557607
"uk.org.publicwhip/person/10268","uk.org.publicwhip/member/40644","John","Healey","lab",-0.625618033788236,-1.06519114443796
"uk.org.publicwhip/person/10274","uk.org.publicwhip/member/40337","Stephen","Hepburn","lab",-0.880798794224493,-0.970178995442162
"uk.org.publicwhip/person/10281","uk.org.publicwhip/member/40055","Margaret","Hodge","lab",-0.603970415391778,-0.492564188496673
"uk.org.publicwhip/person/10282","uk.org.publicwhip/member/40624","Kate","Hoey","lab",-0.377566556920134,-1.12213779982724
"uk.org.publicwhip/person/10285","uk.org.publicwhip/member/40351","Jimmy","Hood","lab",-0.731625935728228,-1.0591248190539
"uk.org.publicwhip/person/10288","uk.org.publicwhip/member/40379","Kelvin","Hopkins","lab",-1.27265582463475,0.238946750012257
"uk.org.publicwhip/person/10292","uk.org.publicwhip/member/40349","George","Howarth","lab",-0.930017689422288,-2.06339908244579
"uk.org.publicwhip/person/10298","uk.org.publicwhip/member/40072","Simon","Hughes","lib",0.500079202683387,-0.744170568525535
"uk.org.publicwhip/person/10308","uk.org.publicwhip/member/40296","Glenda","Jackson","lab",-0.837488279122179,-0.0258538535221548
"uk.org.publicwhip/person/10312","uk.org.publicwhip/member/40303","Bernard","Jenkin","con",1.67574457477761,0.876010153217625
"uk.org.publicwhip/person/10314","uk.org.publicwhip/member/40346","Alan","Johnson","lab",-0.698698605600626,-0.754106986398041
"uk.org.publicwhip/person/10319","uk.org.publicwhip/member/40633","Helen","Jones","lab",NA,-0.0299906728816621
"uk.org.publicwhip/person/10326","uk.org.publicwhip/member/40212","Tessa","Jowell","lab",-0.926581915516711,-1.21124984690702
"uk.org.publicwhip/person/10327","uk.org.publicwhip/member/40387","Gerald","Kaufman","lab",-0.689208388669394,-1.71608968832671
"uk.org.publicwhip/person/10334","uk.org.publicwhip/member/40506","Charles","Kennedy","lib",0.296627868989308,-1.05346794741257
"uk.org.publicwhip/person/10348","uk.org.publicwhip/member/40249","Eleanor","Laing","con",1.18946354449106,1.96343769381281
"uk.org.publicwhip/person/10352","uk.org.publicwhip/member/40266","Edward","Leigh","con",1.59464724974687,1.07281727077374
"uk.org.publicwhip/person/10354","uk.org.publicwhip/member/40460","Christopher","Leslie","lab",-0.879963548929549,-0.87282379773074
"uk.org.publicwhip/person/10357","uk.org.publicwhip/member/40135","Ivan","Lewis","lab",-0.851938653857198,0.26056024902683
"uk.org.publicwhip/person/10358","uk.org.publicwhip/member/40415","Julian","Lewis","con",1.14898363197226,1.31809228963147
"uk.org.publicwhip/person/10362","uk.org.publicwhip/member/40318","Peter","Lilley","con",1.71175901519514,1.51593763720969
"uk.org.publicwhip/person/10372","uk.org.publicwhip/member/40243","Andrew","Love","lab",-0.973305012464653,-0.232588200214604
"uk.org.publicwhip/person/10377","uk.org.publicwhip/member/40087","Stephen","McCabe","lab",-0.933897157137885,-0.706519935404167
"uk.org.publicwhip/person/10381","uk.org.publicwhip/member/40405","Siobhain","McDonagh","lab",-0.711399916686826,-0.263484146310041
"uk.org.publicwhip/person/10383","uk.org.publicwhip/member/40306","John","McDonnell","lab",-1.24037928328049,0.329533015352139
"uk.org.publicwhip/person/10388","uk.org.publicwhip/member/40577","Anne","McGuire","lab",-0.708301682681366,-0.803736098753978
"uk.org.publicwhip/person/10389","uk.org.publicwhip/member/40605","Anne","McIntosh","con",1.23594231611978,1.07503826469937
"uk.org.publicwhip/person/10402","uk.org.publicwhip/member/40536","Fiona","Mactaggart","lab",-0.837194847840941,0.624175909946825
"uk.org.publicwhip/person/10415","uk.org.publicwhip/member/40093","Gordon","Marsden","lab",-0.51424687859262,0.35042921712536
"uk.org.publicwhip/person/10427","uk.org.publicwhip/member/40468","Michael","Meacher","lab",-1.25212518149875,0.121142992930216
"uk.org.publicwhip/person/10428","uk.org.publicwhip/member/40389","Alan","Meale","lab",-0.741056102725721,-0.196209107149933
"uk.org.publicwhip/person/10435","uk.org.publicwhip/member/40244","Andrew","Miller","lab",-0.445092151292764,-0.21394817049449
"uk.org.publicwhip/person/10436","uk.org.publicwhip/member/40285","Austin","Mitchell","lab",-0.731596264279979,-0.444662705453605
"uk.org.publicwhip/person/10450","uk.org.publicwhip/member/40354","George","Mudie","lab",-0.699249563567523,-0.299124171720394
"uk.org.publicwhip/person/10454","uk.org.publicwhip/member/40612","Paul","Murphy","lab",-0.627777797732135,-0.748519127800394
"uk.org.publicwhip/person/10467","uk.org.publicwhip/member/40052","Sandra","Osborne","lab",-0.657080526425083,-0.821887159859088
"uk.org.publicwhip/person/10468","uk.org.publicwhip/member/40192","Richard","Ottaway","con",1.44619688808885,1.65369370242671
"uk.org.publicwhip/person/10484","uk.org.publicwhip/member/40220","Stephen","Pound","lab",-0.426160438391843,0.312992941817889
"uk.org.publicwhip/person/10498","uk.org.publicwhip/member/40287","Nick","Raynsford","lab",NA,-0.538557184452681
"uk.org.publicwhip/person/10499","uk.org.publicwhip/member/40667","John","Redwood","con",1.86579325402297,1.63903282299562
"uk.org.publicwhip/person/10505","uk.org.publicwhip/member/40602","Laurence","Robertson","con",1.36553784095497,1.27849370207105
"uk.org.publicwhip/person/10506","uk.org.publicwhip/member/40186","Geoffrey","Robinson","lab",-0.838011321546645,-0.283370945577068
"uk.org.publicwhip/person/10517","uk.org.publicwhip/member/40412","Frank","Roy","lab",-0.830169239427917,-1.60693956759156
"uk.org.publicwhip/person/10518","uk.org.publicwhip/member/40622","Chris","Ruane","lab",-0.607165290473334,-0.0909421959543662
"uk.org.publicwhip/person/10519","uk.org.publicwhip/member/40365","Joan","Ruddock","lab",-0.754070744563956,-1.34614027981485
"uk.org.publicwhip/person/10521","uk.org.publicwhip/member/40180","Bob","Russell","lib",0.283017515447529,0.440072283428995
"uk.org.publicwhip/person/10527","uk.org.publicwhip/member/40611","Adrian","Sanders","lib",0.523581432434295,0.884817178842339
"uk.org.publicwhip/person/10534","uk.org.publicwhip/member/40325","Barry","Sheerman","lab",-0.328187067492709,-0.26545091021981
"uk.org.publicwhip/person/10537","uk.org.publicwhip/member/40040","Richard","Shepherd","con",1.72502100560218,1.712673797392
"uk.org.publicwhip/person/10544","uk.org.publicwhip/member/40098","Dennis","Skinner","lab",-1.82076898156418,-0.606611048459841
"uk.org.publicwhip/person/10552","uk.org.publicwhip/member/40645","Robert","Smith","lib",0.583607247356155,0.339043362613424
"uk.org.publicwhip/person/10555","uk.org.publicwhip/member/40397","Nicholas","Soames","con",1.00157557179781,1.66404330596942
"uk.org.publicwhip/person/10563","uk.org.publicwhip/member/40609","John","Stanley","con",0.873696835264659,1.64294878844395
"uk.org.publicwhip/person/10574","uk.org.publicwhip/member/40090","Jack","Straw","lab",NA,-0.0696085579791205
"uk.org.publicwhip/person/10575","uk.org.publicwhip/member/40558","Gary","Streeter","con",0.908336507064709,1.54145216847622
"uk.org.publicwhip/person/10576","uk.org.publicwhip/member/40091","Graham","Stringer","lab",-0.719049222051645,-0.726619079654381
"uk.org.publicwhip/person/10577","uk.org.publicwhip/member/40080","Gisela","Stuart","lab",-0.914467500303451,0.00524235783211813
"uk.org.publicwhip/person/10579","uk.org.publicwhip/member/40109","Gerry","Sutcliffe","lab",-0.971518702269897,-0.083403925110744
"uk.org.publicwhip/person/10580","uk.org.publicwhip/member/40416","Desmond","Swayne","con",1.05791382591409,1.72574012464476
"uk.org.publicwhip/person/10582","uk.org.publicwhip/member/40483","Robert","Syms","con",1.02651751995849,1.31523660278496
"uk.org.publicwhip/person/10594","uk.org.publicwhip/member/40301","Gareth","Thomas","lab",-0.755242160412674,0.881636652337952
"uk.org.publicwhip/person/10596","uk.org.publicwhip/member/40226","Stephen","Timms","lab",-0.906129182892238,-0.614771243509483
"uk.org.publicwhip/person/10602","uk.org.publicwhip/member/40104","David","Tredinnick","con",1.09311194198762,1.18588668544898
"uk.org.publicwhip/person/10604","uk.org.publicwhip/member/40309","Jon","Trickett","lab",-0.816937980204732,-0.820745477662179
"uk.org.publicwhip/person/10610","uk.org.publicwhip/member/40294","Derek","Twigg","lab",-0.564819830722436,-0.993548558946206
"uk.org.publicwhip/person/10611","uk.org.publicwhip/member/40373","Stephen","Twigg","lab",-0.648581496959832,-1.66424742093783
"uk.org.publicwhip/person/10613","uk.org.publicwhip/member/40166","Andrew","Tyrie","con",NA,1.30909654478265
"uk.org.publicwhip/person/10614","uk.org.publicwhip/member/40358","Keith","Vaz","lab",-0.492557707618554,0.574839710238271
"uk.org.publicwhip/person/10619","uk.org.publicwhip/member/40582","Joan","Walley","lab",-0.737521692559672,-0.728009757989922
"uk.org.publicwhip/person/10620","uk.org.publicwhip/member/40432","Robert","Walter","con",0.910868978537686,1.43178135313369
"uk.org.publicwhip/person/10625","uk.org.publicwhip/member/40570","Dave","Watts","lab",-0.902045275671208,-0.855156988833845
"uk.org.publicwhip/person/10630","uk.org.publicwhip/member/40564","Alan","Whitehead","lab",-0.366272196798616,-0.300884261969642
"uk.org.publicwhip/person/10632","uk.org.publicwhip/member/40385","John","Whittingdale","con",1.54942590350563,2.2134299034365
"uk.org.publicwhip/person/10645","uk.org.publicwhip/member/40627","David","Winnick","lab",-1.09519238922859,0.258591506644186
"uk.org.publicwhip/person/10648","uk.org.publicwhip/member/40207","Rosie","Winterton","lab",-0.930223323511172,-0.61891992340182
"uk.org.publicwhip/person/10650","uk.org.publicwhip/member/40063","Mike","Wood","lab",-0.995254128347993,0.548492894980279
"uk.org.publicwhip/person/10651","uk.org.publicwhip/member/40571","Shaun","Woodward","lab",-0.869108711131751,-1.1350928573282
"uk.org.publicwhip/person/10658","uk.org.publicwhip/member/40554","Tim","Yeo","con",0.939642146702776,1.03160525537099
"uk.org.publicwhip/person/10669","uk.org.publicwhip/member/40353","Hilary","Benn","lab",-0.797747169767788,-1.34199501641309
"uk.org.publicwhip/person/10678","uk.org.publicwhip/member/40615","David","Lammy","lab",-0.675002296449071,-1.68881112940104
"uk.org.publicwhip/person/10682","uk.org.publicwhip/member/40488","Mark","Hendrick","lab",-1.08822588958051,-0.790605049666624
"uk.org.publicwhip/person/10683","uk.org.publicwhip/member/40647","Adrian","Bailey","lab",-0.426357766506916,-0.114176234958822
"uk.org.publicwhip/person/10684","uk.org.publicwhip/member/40275","John","Robertson","lab",-0.940415934477765,-1.83854906925103
"uk.org.publicwhip/person/10685","uk.org.publicwhip/member/40255","Eric","Joyce","lab",-0.66824542795283,-1.06539324613904
"uk.org.publicwhip/person/10707","uk.org.publicwhip/member/40549","Richard","Bacon","con",1.16106676642384,1.14841806498083
"uk.org.publicwhip/person/10715","uk.org.publicwhip/member/40059","John","Baron","con",1.59598940274167,1.58435994759505
"uk.org.publicwhip/person/10753","uk.org.publicwhip/member/40148","Kevin","Brennan","lab",-0.74345741449779,-0.310623864340187
"uk.org.publicwhip/person/10754","uk.org.publicwhip/member/40395","Annette","Brooke","lib",0.550113388430309,1.46015054640087
"uk.org.publicwhip/person/10761","uk.org.publicwhip/member/40497","Chris","Bryant","lab",-0.889813896599036,-1.55900474885302
"uk.org.publicwhip/person/10766","uk.org.publicwhip/member/40361","Andy","Burnham","lab",NA,-0.478529068891961
"uk.org.publicwhip/person/10828","uk.org.publicwhip/member/40195","Jon","Cruddas","lab",-0.979559483351592,0.51475427381916
"uk.org.publicwhip/person/10834","uk.org.publicwhip/member/40672","Tony","Cunningham","lab",-0.729857597789549,-0.410679128646072
"uk.org.publicwhip/person/10842","uk.org.publicwhip/member/40137","Wayne","David","lab",-0.742431943499517,-1.01566019614337
"uk.org.publicwhip/person/10882","uk.org.publicwhip/member/40422","Paul","Farrelly","lab",-0.714559870749314,-0.347028321169627
"uk.org.publicwhip/person/10884","uk.org.publicwhip/member/40172","Mark","Field","con",1.47841191862785,1.29841744358038
"uk.org.publicwhip/person/10900","uk.org.publicwhip/member/40034","Hywel","Francis","lab",-1.01144089248749,-1.38617366388465
"uk.org.publicwhip/person/10934","uk.org.publicwhip/member/40402","David","Hamilton","lab",-0.546484183568755,-0.924105748724492
"uk.org.publicwhip/person/10941","uk.org.publicwhip/member/40276","Tom","Harris","lab",-0.793478917421221,-1.42232119236196
"uk.org.publicwhip/person/10944","uk.org.publicwhip/member/40392","Dai","Havard","lab",-1.07096577108283,-1.41144740991388
"uk.org.publicwhip/person/10961","uk.org.publicwhip/member/40050","David","Heyes","lab",-1.05554232676551,-0.336135202928312
"uk.org.publicwhip/person/11003","uk.org.publicwhip/member/40434","Kevan","Jones","lab",-0.786788392603585,-0.770673988413511
"uk.org.publicwhip/person/11026","uk.org.publicwhip/member/40234","Greg","Knight","con",1.25601290346888,0.657623445212231
"uk.org.publicwhip/person/11036","uk.org.publicwhip/member/40680","David","Laws","lib",0.399377687564985,0.600606550008875
"uk.org.publicwhip/person/11038","uk.org.publicwhip/member/40239","Mark","Lazarowicz","lab",-0.80644612257136,-0.739302066078325
"uk.org.publicwhip/person/11048","uk.org.publicwhip/member/40118","Ian","Liddell-Grainger","con",1.43090545295003,0.996812123329385
"uk.org.publicwhip/person/11057","uk.org.publicwhip/member/40675","Ian","Lucas","lab",-0.966871397703507,-0.543110112237908
"uk.org.publicwhip/person/11076","uk.org.publicwhip/member/40273","Ann","McKechin","lab",-1.02822057383095,-1.82090999803108
"uk.org.publicwhip/person/11087","uk.org.publicwhip/member/40086","Khalid","Mahmood","lab",-0.993966878092175,-0.670154995880057
"uk.org.publicwhip/person/11093","uk.org.publicwhip/member/40061","John","Mann","lab",-0.742160733483618,-0.228038490243331
"uk.org.publicwhip/person/11109","uk.org.publicwhip/member/40417","Patrick","Mercer","con",0.879800195939856,1.29705303963296
"uk.org.publicwhip/person/11148","uk.org.publicwhip/member/40681","Albert","Owen","lab",-0.652531839533992,-0.298385437845862
"uk.org.publicwhip/person/11174","uk.org.publicwhip/member/40566","John","Pugh","lib",0.506064250253999,0.536284943168665
"uk.org.publicwhip/person/11185","uk.org.publicwhip/member/40046","Alan","Reid","lib",0.278566875940593,-0.560065188488491
"uk.org.publicwhip/person/11199","uk.org.publicwhip/member/40504","Andrew","Rosindell","con",1.77990493549733,1.67162320029927
"uk.org.publicwhip/person/11221","uk.org.publicwhip/member/40473","Jim","Sheridan","lab",-1.20941988700309,-1.10538791872452
"uk.org.publicwhip/person/11267","uk.org.publicwhip/member/40042","Mark","Tami","lab",-0.835624775758424,-0.293816716159976
"uk.org.publicwhip/person/11280","uk.org.publicwhip/member/40138","John","Thurso","lib",0.406850824948943,-0.881167865178117
"uk.org.publicwhip/person/11309","uk.org.publicwhip/member/40646","Tom","Watson","lab",-0.525801173125741,-0.0407335780329357
"uk.org.publicwhip/person/11324","uk.org.publicwhip/member/40112","Roger","Williams","lib",0.43557411832646,0.363397794755407
"uk.org.publicwhip/person/11340","uk.org.publicwhip/member/40601","David","Wright","lab",-0.92858269897403,0.168850093601024
"uk.org.publicwhip/person/11347","uk.org.publicwhip/member/40465","Huw","Irranca-Davies","lab",-0.902276101852427,-1.09717027828668
"uk.org.publicwhip/person/11360","uk.org.publicwhip/member/40083","Liam","Byrne","lab",-0.940573528960932,-0.660840851822579
"uk.org.publicwhip/person/11362","uk.org.publicwhip/member/40302","Iain","Wright","lab",-0.854332922933305,-0.822366900586611
"uk.org.publicwhip/person/11397","uk.org.publicwhip/member/40393","Nadine","Dorries","con",0.967067886182186,1.5780124739787
"uk.org.publicwhip/person/11406","uk.org.publicwhip/member/40076","Graham","Stuart","con",1.40976400630212,0.722696177178728
"uk.org.publicwhip/person/11420","uk.org.publicwhip/member/40088","John","Hemming","lib",0.589116780668058,-0.466328858617204
"uk.org.publicwhip/person/11421","uk.org.publicwhip/member/40089","Helen","Goodman","lab",-0.793062041060763,-0.730944364961709
"uk.org.publicwhip/person/11427","uk.org.publicwhip/member/40095","David","Anderson","lab",-1.05671772264188,-1.01154185645053
"uk.org.publicwhip/person/11437","uk.org.publicwhip/member/40105","Tobias","Ellwood","con",NA,1.15143070991239
"uk.org.publicwhip/person/11450","uk.org.publicwhip/member/40117","Madeleine","Moon","lab",NA,-0.0536030752205429
"uk.org.publicwhip/person/11455","uk.org.publicwhip/member/40122","Kerry","McCarthy","lab",-0.656991061430152,-0.178141019102846
"uk.org.publicwhip/person/11458","uk.org.publicwhip/member/40125","Stephen","Williams","lib",0.593580825936891,-1.17232729520577
"uk.org.publicwhip/person/11461","uk.org.publicwhip/member/40129","Charles","Walker","con",NA,1.64964497256313
"uk.org.publicwhip/person/11480","uk.org.publicwhip/member/40145","Jennifer","Willott","lib",0.347045203270388,-1.31645553431012
"uk.org.publicwhip/person/11489","uk.org.publicwhip/member/40157","Mark","Williams","lib",0.442900914549167,-1.44353907322645
"uk.org.publicwhip/person/11494","uk.org.publicwhip/member/40163","Martin","Horwood","lib",0.463510554915618,0.637237142227189
"uk.org.publicwhip/person/11511","uk.org.publicwhip/member/40183","Jamie","Reed","lab",-1.00852107986272,-0.408099613525138
"uk.org.publicwhip/person/11513","uk.org.publicwhip/member/40430","Dan","Rogerson","lib",0.491117060223082,0.811185223364582
"uk.org.publicwhip/person/11531","uk.org.publicwhip/member/40200","Andrew","Gwynne","lab",-0.656897413461471,-0.538081924358813
"uk.org.publicwhip/person/11534","uk.org.publicwhip/member/40437","Natascha","Engel","lab",-0.8685472522761,0.224806184744365
"uk.org.publicwhip/person/11545","uk.org.publicwhip/member/40208","Edward","Miliband","lab",-0.934839615541054,-1.07554148413593
"uk.org.publicwhip/person/11558","uk.org.publicwhip/member/40174","Roberta","Blackman-Woods","lab",-0.991903061125057,-1.5758625411532
"uk.org.publicwhip/person/11559","uk.org.publicwhip/member/40295","Andy","Slaughter","lab",-0.842318708409423,0.0524842244709318
"uk.org.publicwhip/person/11592","uk.org.publicwhip/member/40636","Sharon","Hodgson","lab",-0.911247263322409,-0.904697733859234
"uk.org.publicwhip/person/11599","uk.org.publicwhip/member/40284","Adam","Holloway","con",1.36666997007873,1.11609474745338
"uk.org.publicwhip/person/11605","uk.org.publicwhip/member/40290","Meg","Hillier","lab",-0.712185771136576,-1.40889181783423
"uk.org.publicwhip/person/11607","uk.org.publicwhip/member/40292","Linda","Riordan","lab",-1.2183807866627,0.273098261164638
"uk.org.publicwhip/person/11610","uk.org.publicwhip/member/40162","Greg","Hands","con",NA,1.18725503310508
"uk.org.publicwhip/person/11621","uk.org.publicwhip/member/40175","Douglas","Carswell","con",1.6769192443068,1.47190226814429
"uk.org.publicwhip/person/11647","uk.org.publicwhip/member/40345","Diana","Johnson","lab",-0.815023744869037,-1.44740390663007
"uk.org.publicwhip/person/11651","uk.org.publicwhip/member/40328","Lee","Scott","con",NA,1.38104112030162
"uk.org.publicwhip/person/11656","uk.org.publicwhip/member/40335","Emily","Thornberry","lab",-0.695955984929254,-0.56334657766988
"uk.org.publicwhip/person/11667","uk.org.publicwhip/member/40651","Rosie","Cooper","lab",-0.55704174545757,-0.154730305024052
"uk.org.publicwhip/person/11668","uk.org.publicwhip/member/40677","Ben","Wallace","con",1.06211332020483,1.35723245100044
"uk.org.publicwhip/person/11672","uk.org.publicwhip/member/40356","Greg","Mulholland","lib",0.468052463340554,-0.91502127241273
"uk.org.publicwhip/person/11692","uk.org.publicwhip/member/40375","Nia","Griffith","lab",-0.928512103141466,-1.19270734642148
"uk.org.publicwhip/person/11707","uk.org.publicwhip/member/40388","John","Leech","lib",0.412192624036315,-1.84306400245056
"uk.org.publicwhip/person/11715","uk.org.publicwhip/member/40403","Mark","Lancaster","con",1.06316239181025,1.07487762202239
"uk.org.publicwhip/person/11719","uk.org.publicwhip/member/40407","David","Davies","con",1.36162708970018,0.727310004783921
"uk.org.publicwhip/person/11732","uk.org.publicwhip/member/40423","Jessica","Morden","lab",-0.948949158814481,-0.540656820357826
"uk.org.publicwhip/person/11740","uk.org.publicwhip/member/40411","Edward","Balls","lab",-0.944807313163462,0.413118171384094
"uk.org.publicwhip/person/11742","uk.org.publicwhip/member/40457","Brian","Binley","con",1.26324799516344,0.883371521122687
"uk.org.publicwhip/person/11759","uk.org.publicwhip/member/40479","Stewart","Jackson","con",1.47778300337731,0.719238433976358
"uk.org.publicwhip/person/11760","uk.org.publicwhip/member/40480","Alison","Seabeck","lab",-1.01531702458171,0.349358444465133
"uk.org.publicwhip/person/11798","uk.org.publicwhip/member/40568","Anne","Main","con",1.35782774164848,0.857454832589127
"uk.org.publicwhip/person/11814","uk.org.publicwhip/member/40476","Angela","Smith","lab",-0.873442825750046,-0.0524215101578884
"uk.org.publicwhip/person/11816","uk.org.publicwhip/member/40531","Philip","Davies","con",1.61752932411162,1.1309457474422
"uk.org.publicwhip/person/11817","uk.org.publicwhip/member/40532","Daniel","Kawczynski","con",1.09036714319357,0.451906606328235
"uk.org.publicwhip/person/11823","uk.org.publicwhip/member/40537","Lorely","Burt","lib",0.738996192319311,1.24083383831254
"uk.org.publicwhip/person/11843","uk.org.publicwhip/member/40583","Robert","Flello","lab",-0.464399295190119,-0.472713650098982
"uk.org.publicwhip/person/11863","uk.org.publicwhip/member/40596","Si√¢n","James","lab",-0.559300231401192,-1.10577806914193
"uk.org.publicwhip/person/11898","uk.org.publicwhip/member/40625","Mary","Creagh","lab",-0.655934260842296,0.162633431475065
"uk.org.publicwhip/person/11915","uk.org.publicwhip/member/40641","Peter","Bone","con",1.68928107652401,1.14447277118094
"uk.org.publicwhip/person/11921","uk.org.publicwhip/member/40650","Lyn","Brown","lab",NA,-1.05763030243847
"uk.org.publicwhip/person/11923","uk.org.publicwhip/member/40656","Tim","Farron","lib",0.449624084557106,0.226233313433036
"uk.org.publicwhip/person/11927","uk.org.publicwhip/member/40659","Stephen","Hammond","con",NA,0.85198113680563
"uk.org.publicwhip/person/11929","uk.org.publicwhip/member/40661","Adam","Afriyie","con",1.18779337952378,2.068594379854
"uk.org.publicwhip/person/11943","uk.org.publicwhip/member/40673","Barbara","Keeley","lab",-0.975824490881844,-0.0554271944925121
"uk.org.publicwhip/person/11946","uk.org.publicwhip/member/40604","Mark","Pritchard","con",0.978862468873515,0.797547236273458
"uk.org.publicwhip/person/11963","uk.org.publicwhip/member/40429","Katy","Clark","lab",-1.50025562042698,-1.41606623904882
"uk.org.publicwhip/person/11971","uk.org.publicwhip/member/40225","Jo","Swinson","lib",0.541627992283719,-0.477824117370525
"uk.org.publicwhip/person/11974","uk.org.publicwhip/member/40216","Jim","McGovern","lab",-0.99407173773453,-1.62848691257674
"uk.org.publicwhip/person/12005","uk.org.publicwhip/member/40464","Gordon","Banks","lab",-0.70537749160325,-0.644623506470566
"uk.org.publicwhip/person/13933","uk.org.publicwhip/member/40521","Phil","Wilson","lab",-0.852497397197763,-0.849640509947683
"uk.org.publicwhip/person/13934","uk.org.publicwhip/member/40221","Virendra","Sharma","lab",-0.963590295498922,0.358888901837323
"uk.org.publicwhip/person/14142","uk.org.publicwhip/member/40278","Lindsay","Roy","lab",-0.759548971170934,-1.71178107799758
"uk.org.publicwhip/person/22650","uk.org.publicwhip/member/40146","Jonathan","Evans","con",1.17745833725122,0.153870922105129
"uk.org.publicwhip/person/24697","uk.org.publicwhip/member/40274","William","Bain","lab",NA,-2.45171388330068
"uk.org.publicwhip/person/24709","uk.org.publicwhip/member/40323","Bridget","Phillipson","lab",-1.1597053586815,-0.824669544336157
"uk.org.publicwhip/person/24710","uk.org.publicwhip/member/40592","Julie","Elliott","lab",-1.04114013504046,-0.839961626060507
"uk.org.publicwhip/person/24711","uk.org.publicwhip/member/40196","Jenny","Chapman","lab",-0.57889730930774,-0.304681373561644
"uk.org.publicwhip/person/24713","uk.org.publicwhip/member/40347","Chris","Skidmore","con",1.10014728274764,0.714617291445081
"uk.org.publicwhip/person/24714","uk.org.publicwhip/member/40514","Tom","Greatrex","lab",-0.916607621405817,-1.77921267217462
"uk.org.publicwhip/person/24715","uk.org.publicwhip/member/40222","Grahame","Morris","lab",-1.23732755320544,-1.61145069639971
"uk.org.publicwhip/person/24716","uk.org.publicwhip/member/40260","Jack","Lopresti","con",1.3319349619257,0.765065095346776
"uk.org.publicwhip/person/24717","uk.org.publicwhip/member/40228","Michael","McCann","lab",NA,-1.15208092816692
"uk.org.publicwhip/person/24719","uk.org.publicwhip/member/40064","Jane","Ellison","con",NA,0.494562227158931
"uk.org.publicwhip/person/24720","uk.org.publicwhip/member/40177","Susan Elan","Jones","lab",-1.1848787379025,-0.448239385909001
"uk.org.publicwhip/person/24721","uk.org.publicwhip/member/40336","Chris","Evans","lab",-0.958936683334008,-1.15792380459292
"uk.org.publicwhip/person/24723","uk.org.publicwhip/member/40230","Fiona","O'Donnell","lab",-0.694275441417602,-0.495509354063969
"uk.org.publicwhip/person/24726","uk.org.publicwhip/member/40342","Cathy","Jamieson","lab",-0.935652755703452,-1.19792376646829
"uk.org.publicwhip/person/24728","uk.org.publicwhip/member/40094","Nick","Smith","lab",-0.585164513464201,-1.57495005246056
"uk.org.publicwhip/person/24729","uk.org.publicwhip/member/40553","Gavin","Williamson","con",1.1628718593555,1.56742747338584
"uk.org.publicwhip/person/24730","uk.org.publicwhip/member/40217","Thomas","Docherty","lab",-0.501243720560378,-1.34064906560551
"uk.org.publicwhip/person/24733","uk.org.publicwhip/member/40193","Gregg","McClymont","lab",NA,-1.36948318176235
"uk.org.publicwhip/person/24734","uk.org.publicwhip/member/40272","Margaret","Curran","lab",-0.786983644167895,-2.18203771197509
"uk.org.publicwhip/person/24735","uk.org.publicwhip/member/40374","Graeme","Morrice","lab",-1.029348820023,-0.755554432794368
"uk.org.publicwhip/person/24736","uk.org.publicwhip/member/40035","Guto","Bebb","con",NA,0.141962549954781
"uk.org.publicwhip/person/24737","uk.org.publicwhip/member/40038","Pamela","Nash","lab",-0.9563765933538,-1.68242548917915
"uk.org.publicwhip/person/24738","uk.org.publicwhip/member/40271","Anas","Sarwar","lab",-1.10604487854427,-1.75839327248321
"uk.org.publicwhip/person/24739","uk.org.publicwhip/member/40408","Glyn","Davies","con",1.0735918041399,0.522114211209476
"uk.org.publicwhip/person/24740","uk.org.publicwhip/member/40623","Alun","Cairns","con",1.24543015716092,0.606156941620808
"uk.org.publicwhip/person/24741","uk.org.publicwhip/member/40453","Andrew","Bridgen","con",1.43911506138355,0.942184662393947
"uk.org.publicwhip/person/24742","uk.org.publicwhip/member/40579","Alex","Cunningham","lab",-1.26694913850216,-0.566612656514063
"uk.org.publicwhip/person/24745","uk.org.publicwhip/member/40463","Marcus","Jones","con",1.56728811427297,0.419636077153288
"uk.org.publicwhip/person/24747","uk.org.publicwhip/member/40598","Christopher","Pincher","con",NA,0.795282889944298
"uk.org.publicwhip/person/24748","uk.org.publicwhip/member/40317","Andrew","Bingham","con",1.33747211590795,0.429271956572482
"uk.org.publicwhip/person/24749","uk.org.publicwhip/member/40540","Stephen","Metcalfe","con",1.18501892149424,0.969434188885677
"uk.org.publicwhip/person/24750","uk.org.publicwhip/member/40173","Stephen","Mosley","con",1.122267490475,-0.107981565881009
"uk.org.publicwhip/person/24754","uk.org.publicwhip/member/40235","Stephen","Lloyd","lib",0.436098550867719,0.80003503469179
"uk.org.publicwhip/person/24756","uk.org.publicwhip/member/40156","Daniel","Poulter","con",1.36682332046599,1.16713121184821
"uk.org.publicwhip/person/24757","uk.org.publicwhip/member/40251","Jessica","Lee","con",0.902755524389834,0.560067542621748
"uk.org.publicwhip/person/24758","uk.org.publicwhip/member/40299","Andrew","Jones","con",1.12567259804971,0.8101127935321
"uk.org.publicwhip/person/24759","uk.org.publicwhip/member/40475","Andrew","Stephenson","con",1.24388925814859,0.391524417067022
"uk.org.publicwhip/person/24760","uk.org.publicwhip/member/40573","Jeremy","Lefroy","con",1.08184044271531,0.617827353460782
"uk.org.publicwhip/person/24762","uk.org.publicwhip/member/40057","Michael","Dugher","lab",-0.851087511146877,-1.0783796511184
"uk.org.publicwhip/person/24763","uk.org.publicwhip/member/40238","Sheila","Gilmore","lab",-0.849475675835577,-1.30623070113034
"uk.org.publicwhip/person/24767","uk.org.publicwhip/member/40344","Karl","Turner","lab",-1.08947612771341,-0.947512293500416
"uk.org.publicwhip/person/24769","uk.org.publicwhip/member/40542","Heather","Wheeler","con",NA,0.802328674267219
"uk.org.publicwhip/person/24771","uk.org.publicwhip/member/40591","Therese","Coffey","con",1.28467386184735,0.938061261568991
"uk.org.publicwhip/person/24773","uk.org.publicwhip/member/40652","Matthew","Hancock","con",1.40483595156801,1.22348610022466
"uk.org.publicwhip/person/24774","uk.org.publicwhip/member/40462","Lilian","Greenwood","lab",-0.939654724416351,-0.490255078498249
"uk.org.publicwhip/person/24775","uk.org.publicwhip/member/40100","Yasmin","Qureshi","lab",-0.917070928092021,-0.149002840942235
"uk.org.publicwhip/person/24779","uk.org.publicwhip/member/40608","Neil","Parish","con",0.955777137354773,1.14880420287016
"uk.org.publicwhip/person/24780","uk.org.publicwhip/member/40106","Conor","Burns","con",NA,0.958618181289487
"uk.org.publicwhip/person/24782","uk.org.publicwhip/member/40227","Damian","Hinds","con",1.20606661091657,1.7443750869301
"uk.org.publicwhip/person/24784","uk.org.publicwhip/member/40298","Robert","Halfon","con",1.9988297701727,1.18730053439135
"uk.org.publicwhip/person/24786","uk.org.publicwhip/member/40676","Steven","Baker","con",1.37144084653164,1.30503062664858
"uk.org.publicwhip/person/24788","uk.org.publicwhip/member/40084","Shabana","Mahmood","lab",-1.05041579390756,-1.46384256937978
"uk.org.publicwhip/person/24789","uk.org.publicwhip/member/40232","Sam","Gyimah","con",1.07522287084945,1.82169592739688
"uk.org.publicwhip/person/24790","uk.org.publicwhip/member/40368","Karl","McCartney","con",1.43462311974488,0.0171474930674722
"uk.org.publicwhip/person/24793","uk.org.publicwhip/member/40132","Gordon","Birtwistle","lib",0.336240130759091,-0.681952370748612
"uk.org.publicwhip/person/24794","uk.org.publicwhip/member/40242","Michael","Crockart","lib",0.482853887373551,-0.269265120800637
"uk.org.publicwhip/person/24797","uk.org.publicwhip/member/40482","Owen","Smith","lab",-0.86634753058752,-1.07531017718725
"uk.org.publicwhip/person/24798","uk.org.publicwhip/member/40520","Nicholas","Dakin","lab",-0.675048937140881,-0.278062251772725
"uk.org.publicwhip/person/24799","uk.org.publicwhip/member/40149","John","Stevenson","con",1.21191579378774,-0.0145038863262524
"uk.org.publicwhip/person/24801","uk.org.publicwhip/member/40551","Lorraine","Fullbrook","con",NA,0.757147579033232
"uk.org.publicwhip/person/24802","uk.org.publicwhip/member/40188","Henry","Smith","con",1.36044135471046,1.3307396732733
"uk.org.publicwhip/person/24803","uk.org.publicwhip/member/40197","Gareth","Johnson","con",1.07162203686889,1.09889816874686
"uk.org.publicwhip/person/24804","uk.org.publicwhip/member/40265","Mark","Menzies","con",NA,1.3641365249507
"uk.org.publicwhip/person/24805","uk.org.publicwhip/member/40384","Yvonne","Fovargue","lab",-1.03776205647997,-0.719809079393436
"uk.org.publicwhip/person/24807","uk.org.publicwhip/member/40419","Chi","Onwurah","lab",-0.866142014519031,-1.01618505943205
"uk.org.publicwhip/person/24808","uk.org.publicwhip/member/40501","Simon","Danczuk","lab",-0.72931685237712,-0.275908430320635
"uk.org.publicwhip/person/24809","uk.org.publicwhip/member/40505","Caroline","Nokes","con",1.16574326646363,1.10537316506555
"uk.org.publicwhip/person/24811","uk.org.publicwhip/member/40048","Gloria","De Piero","lab",-0.498140731697183,-0.562907957672575
"uk.org.publicwhip/person/24814","uk.org.publicwhip/member/40176","Martin","Vickers","con",1.22876186461257,0.287877661878797
"uk.org.publicwhip/person/24816","uk.org.publicwhip/member/40360","Liz","Kendall","lab",-0.937110859330924,-0.217365832603136
"uk.org.publicwhip/person/24817","uk.org.publicwhip/member/40396","George","Freeman","con",1.35696875367641,1.23757641206918
"uk.org.publicwhip/person/24818","uk.org.publicwhip/member/40421","Catherine","McKinnell","lab",-1.1689509786296,-0.752480189534976
"uk.org.publicwhip/person/24819","uk.org.publicwhip/member/40494","Ian","Swales","lib",0.473456710790442,-1.03587912770019
"uk.org.publicwhip/person/24821","uk.org.publicwhip/member/40394","Pauline","Latham","con",1.36646820803248,1.13114699959571
"uk.org.publicwhip/person/24824","uk.org.publicwhip/member/40678","Mark","Garnier","con",1.35749131415473,0.666812241996831
"uk.org.publicwhip/person/24825","uk.org.publicwhip/member/40081","Jack","Dromey","lab",-0.83677318497888,-0.297256670995987
"uk.org.publicwhip/person/24826","uk.org.publicwhip/member/40133","Andrew","Griffiths","con",1.30047043354896,0.672524775363624
"uk.org.publicwhip/person/24828","uk.org.publicwhip/member/40533","Gordon","Henderson","con",1.03969719122377,1.27197758607891
"uk.org.publicwhip/person/24829","uk.org.publicwhip/member/40550","Andrea","Leadsom","con",1.37033988783439,1.96856359566042
"uk.org.publicwhip/person/24830","uk.org.publicwhip/member/40201","Chris","Williamson","lab",-0.635393638345544,-0.0451357297784212
"uk.org.publicwhip/person/24831","uk.org.publicwhip/member/40658","Lisa","Nandy","lab",-1.15996874201881,-0.644272699711784
"uk.org.publicwhip/person/24832","uk.org.publicwhip/member/40119","Andrew","Percy","con",1.15468690422855,0.127327862792966
"uk.org.publicwhip/person/24835","uk.org.publicwhip/member/40327","Graham","Jones","lab",-1.03989926514059,0.052755556950448
"uk.org.publicwhip/person/24837","uk.org.publicwhip/member/40058","John","Woodcock","lab",-0.727375368805397,-0.189367021974917
"uk.org.publicwhip/person/24838","uk.org.publicwhip/member/40211","Chris","Kelly","con",NA,0.669573032013233
"uk.org.publicwhip/person/24839","uk.org.publicwhip/member/40518","John","Glen","con",NA,1.05723802060201
"uk.org.publicwhip/person/24840","uk.org.publicwhip/member/40590","Neil","Carmichael","con",1.21099572463281,0.183152408323896
"uk.org.publicwhip/person/24844","uk.org.publicwhip/member/40143","Aidan","Burley","con",1.25538474708591,0.403071412522781
"uk.org.publicwhip/person/24845","uk.org.publicwhip/member/40165","Toby","Perkins","lab",-0.809124205863929,-0.754000014115846
"uk.org.publicwhip/person/24847","uk.org.publicwhip/member/40380","Gavin","Shuker","lab",-0.738336886343651,0.16219276828279
"uk.org.publicwhip/person/24848","uk.org.publicwhip/member/40401","Tom","Blenkinsop","lab",-0.928341083536296,-0.123533686612792
"uk.org.publicwhip/person/24849","uk.org.publicwhip/member/40449","Dan","Byles","con",NA,0.195907254576176
"uk.org.publicwhip/person/24850","uk.org.publicwhip/member/40581","Tristram","Hunt","lab",-0.59061803036117,-1.07754060085531
"uk.org.publicwhip/person/24851","uk.org.publicwhip/member/40357","Rachel","Reeves","lab",-0.789507775603186,-0.765399920838851
"uk.org.publicwhip/person/24852","uk.org.publicwhip/member/40628","Valerie","Vaz","lab",-0.89002078489188,0.391918017521942
"uk.org.publicwhip/person/24853","uk.org.publicwhip/member/40683","Julian","Sturdy","con",1.12152338088742,0.360231107329006
"uk.org.publicwhip/person/24855","uk.org.publicwhip/member/40291","James","Morris","con",1.09940011370179,0.641322309821694
"uk.org.publicwhip/person/24856","uk.org.publicwhip/member/40495","Karen","Lumley","con",1.13200425078246,0.889275301792583
"uk.org.publicwhip/person/24857","uk.org.publicwhip/member/40182","Fiona","Bruce","con",1.25949734433707,0.998340818013896
"uk.org.publicwhip/person/24858","uk.org.publicwhip/member/40205","Simon","Reevell","con",0.954015944063282,0.490172051348084
"uk.org.publicwhip/person/24859","uk.org.publicwhip/member/40247","Nick","de Bois","con",1.36706811625617,0.694487800361817
"uk.org.publicwhip/person/24862","uk.org.publicwhip/member/40671","Robin","Walker","con",1.23049598149495,0.184066214269802
"uk.org.publicwhip/person/24864","uk.org.publicwhip/member/40489","Stuart","Andrew","con",0.829697349899771,0.445103351009168
"uk.org.publicwhip/person/24865","uk.org.publicwhip/member/40168","Duncan","Hames","lib",0.440102063747774,0.749886854205045
"uk.org.publicwhip/person/24868","uk.org.publicwhip/member/40668","Emma","Reynolds","lab",-0.902676305393814,-0.0272671105193331
"uk.org.publicwhip/person/24870","uk.org.publicwhip/member/40446","Justin","Tomlinson","con",0.817206056517028,1.05250685136821
"uk.org.publicwhip/person/24871","uk.org.publicwhip/member/40159","Tracey","Crouch","con",0.948796578332556,0.820423286586603
"uk.org.publicwhip/person/24872","uk.org.publicwhip/member/40240","Ian","Murray","lab",-0.884861102023279,-0.806109348002267
"uk.org.publicwhip/person/24873","uk.org.publicwhip/member/40281","Caroline","Dinenage","con",1.5997384556437,1.40102913150941
"uk.org.publicwhip/person/24874","uk.org.publicwhip/member/40459","Simon","Wright","lib",0.430136850771171,-0.858672017092508
"uk.org.publicwhip/person/24877","uk.org.publicwhip/member/40134","David","Nuttall","con",1.35160220902649,0.627104670077316
"uk.org.publicwhip/person/24878","uk.org.publicwhip/member/40523","Nigel","Adams","con",1.2429131777591,0.71126064956631
"uk.org.publicwhip/person/24879","uk.org.publicwhip/member/40286","Brandon","Lewis","con",1.3807660326645,0.773853130635013
"uk.org.publicwhip/person/24880","uk.org.publicwhip/member/40510","Mark","Pawsey","con",1.20207333691659,0.54967986317437
"uk.org.publicwhip/person/24881","uk.org.publicwhip/member/40101","Julie","Hilling","lab",-0.611275581236443,0.439061508873263
"uk.org.publicwhip/person/24882","uk.org.publicwhip/member/40663","Esther","McVey","con",0.796839285142106,0.104949503951038
"uk.org.publicwhip/person/24883","uk.org.publicwhip/member/40640","Graham","Evans","con",1.37946780508552,0.292587914174867
"uk.org.publicwhip/person/24884","uk.org.publicwhip/member/40666","Jonathan","Lord","con",1.35860941897394,1.60784751439841
"uk.org.publicwhip/person/24886","uk.org.publicwhip/member/40670","Paul","Uppal","con",1.31585386754375,0.544220654244291
"uk.org.publicwhip/person/24887","uk.org.publicwhip/member/40181","Jason","McCartney","con",1.19551680525231,0.273524230887962
"uk.org.publicwhip/person/24888","uk.org.publicwhip/member/40576","Stephen","McPartland","con",1.13586737131106,0.994351848027021
"uk.org.publicwhip/person/24889","uk.org.publicwhip/member/40324","Mike","Weatherley","con",1.2548648386768,0.233923492231365
"uk.org.publicwhip/person/24891","uk.org.publicwhip/member/40123","Charlotte","Leslie","con",1.08184935432836,0.0792650880447161
"uk.org.publicwhip/person/24892","uk.org.publicwhip/member/40142","Julian","Huppert","lib",0.549302032114647,-1.12947342495655
"uk.org.publicwhip/person/24893","uk.org.publicwhip/member/40245","Alec","Shelbrooke","con",1.05863932569716,0.769897393725843
"uk.org.publicwhip/person/24895","uk.org.publicwhip/member/40470","Jo","Johnson","con",1.0268948408531,2.28648394952525
"uk.org.publicwhip/person/24896","uk.org.publicwhip/member/40589","Kate","Green","lab",-1.113024078158,-0.0921146652996869
"uk.org.publicwhip/person/24897","uk.org.publicwhip/member/40662","Alison","McGovern","lab",-0.996805959406286,-0.15319275273766
"uk.org.publicwhip/person/24899","uk.org.publicwhip/member/40502","Mark","Reckless","con",1.28678077689029,1.10962011369367
"uk.org.publicwhip/person/24900","uk.org.publicwhip/member/40120","Simon","Kirby","con",1.16660024633412,0.311437986064295
"uk.org.publicwhip/person/24901","uk.org.publicwhip/member/40660","Steve","Brine","con",1.02090016692868,1.10348033929672
"uk.org.publicwhip/person/24903","uk.org.publicwhip/member/40543","Richard","Drax","con",1.82428289139965,0.884987513258019
"uk.org.publicwhip/person/24904","uk.org.publicwhip/member/40638","Peter","Aldous","con",1.12222205080342,0.360265884411701
"uk.org.publicwhip/person/24905","uk.org.publicwhip/member/40522","Bill","Esterson","lab",-0.944644832928989,0.126317032961102
"uk.org.publicwhip/person/24907","uk.org.publicwhip/member/40066","Bob","Stewart","con",1.75550258705867,1.9477612911319
"uk.org.publicwhip/person/24911","uk.org.publicwhip/member/40500","Zac","Goldsmith","con",0.91127337777565,1.0207665988795
"uk.org.publicwhip/person/24913","uk.org.publicwhip/member/40115","Mary","Macleod","con",1.14386313645528,0.64371462292591
"uk.org.publicwhip/person/24915","uk.org.publicwhip/member/40204","Claire","Perry","con",1.0726001064035,1.88711084040818
"uk.org.publicwhip/person/24917","uk.org.publicwhip/member/40451","Pat","Glass","lab",-1.08161451420204,-1.03291358460413
"uk.org.publicwhip/person/24918","uk.org.publicwhip/member/40649","Gemma","Doyle","lab",-1.14893503688064,-1.78558820786664
"uk.org.publicwhip/person/24919","uk.org.publicwhip/member/40268","Ian","Mearns","lab",-1.3002753085377,-1.16112853867553
"uk.org.publicwhip/person/24920","uk.org.publicwhip/member/40270","Rehman","Chishti","con",NA,1.13560034068157
"uk.org.publicwhip/person/24922","uk.org.publicwhip/member/40332","Ben","Gummer","con",NA,0.323213439968795
"uk.org.publicwhip/person/24924","uk.org.publicwhip/member/40372","Luciana","Berger","lab",-0.867419481240328,-1.91271521245842
"uk.org.publicwhip/person/24926","uk.org.publicwhip/member/40441","Jacob","Rees-Mogg","con",NA,0.485742570161661
"uk.org.publicwhip/person/24927","uk.org.publicwhip/member/40448","Mary","Glindon","lab",-1.04061220925954,-0.814955002191063
"uk.org.publicwhip/person/24928","uk.org.publicwhip/member/40569","Stephen","Gilbert","lib",0.403681721369486,0.734687414748644
"uk.org.publicwhip/person/24929","uk.org.publicwhip/member/40575","Jonathan","Reynolds","lab",-0.861570230257699,0.00269425926249418
"uk.org.publicwhip/person/24932","uk.org.publicwhip/member/40634","David","Mowat","con",0.749243007617889,0.181528342674915
"uk.org.publicwhip/person/24933","uk.org.publicwhip/member/40141","George","Eustice","con",1.10418791094548,0.243585584628707
"uk.org.publicwhip/person/24934","uk.org.publicwhip/member/40261","Mike","Freer","con",1.35935881104132,0.825416055259808
"uk.org.publicwhip/person/24935","uk.org.publicwhip/member/40371","Steve","Rotheram","lab",-1.17829580753249,-2.02375495456787
"uk.org.publicwhip/person/24936","uk.org.publicwhip/member/40390","George","Hollingbery","con",1.36939985078028,1.73169095176841
"uk.org.publicwhip/person/24938","uk.org.publicwhip/member/40485","Penny","Mordaunt","con",0.986208451997516,0.897865665397204
"uk.org.publicwhip/person/24942","uk.org.publicwhip/member/40642","Tessa","Munt","lib",0.403437235063113,0.763221338075775
"uk.org.publicwhip/person/24943","uk.org.publicwhip/member/40525","Paul","Blomfield","lab",-0.971503498597152,-2.0376841707869
"uk.org.publicwhip/person/24944","uk.org.publicwhip/member/40139","Craig","Whittaker","con",0.935393697286119,0.149006285725076
"uk.org.publicwhip/person/24945","uk.org.publicwhip/member/40300","Bob","Blackman","con",1.20938170073252,1.71194067281057
"uk.org.publicwhip/person/24946","uk.org.publicwhip/member/40108","David","Ward","lib",0.151942856246985,0.019227773590759
"uk.org.publicwhip/person/24947","uk.org.publicwhip/member/40404","Iain","Stewart","con",0.69546193861922,0.891662067022385
"uk.org.publicwhip/person/24948","uk.org.publicwhip/member/40616","Sarah","Newton","con",1.36624172642224,0.55974800243256
"uk.org.publicwhip/person/24949","uk.org.publicwhip/member/40629","Stella","Creasy","lab",-0.947048108747636,-0.845045155110272
"uk.org.publicwhip/person/24950","uk.org.publicwhip/member/40588","Chuka","Umunna","lab",-0.88600278821389,-1.09295248702793
"uk.org.publicwhip/person/24952","uk.org.publicwhip/member/40219","Angie","Bray","con",1.28975377028482,0.432667913804391
"uk.org.publicwhip/person/24953","uk.org.publicwhip/member/40363","Heidi","Alexander","lab",-0.740979507864554,-0.458530201272568
"uk.org.publicwhip/person/24954","uk.org.publicwhip/member/40637","Richard","Harrington","con",1.01252088040028,0.537754508610806
"uk.org.publicwhip/person/24956","uk.org.publicwhip/member/40252","Teresa","Pearce","lab",-1.20479195528172,0.0949942494298214
"uk.org.publicwhip/person/24957","uk.org.publicwhip/member/40607","Jackie","Doyle-Price","con",1.42840021297106,0.787513860495353
"uk.org.publicwhip/person/24958","uk.org.publicwhip/member/40075","Rushanara","Ali","lab",-1.00693513219873,0.0871773723258093
"uk.org.publicwhip/person/24959","uk.org.publicwhip/member/40635","Chris","White","con",0.850787729102645,0.501745418602379
"uk.org.publicwhip/person/24961","uk.org.publicwhip/member/40534","Julian","Smith","con",1.05216794186262,1.19785124562076
"uk.org.publicwhip/person/24962","uk.org.publicwhip/member/40315","Guy","Opperman","con",0.902156325851439,0.327278350826631
"uk.org.publicwhip/person/24963","uk.org.publicwhip/member/40630","Ian","Lavery","lab",-1.67667750001861,-1.23567690739822
"uk.org.publicwhip/person/24964","uk.org.publicwhip/member/40477","Rory","Stewart","con",1.3609927730149,1.02845548201664
"uk.org.publicwhip/person/24965","uk.org.publicwhip/member/40043","Nigel","Mills","con",NA,0.411428884563434
"uk.org.publicwhip/person/24966","uk.org.publicwhip/member/40410","David","Morris","con",1.06507901089415,-0.13032452652785
"uk.org.publicwhip/person/24967","uk.org.publicwhip/member/40352","Eric","Ollerenshaw","con",1.35757236961887,-0.660173082515979
NA,"uk.org.publicwhip/member/40686","Jonathan","Ashworth","lab",-0.986343916563371,-0.30084842355026
NA,"uk.org.publicwhip/member/40685","Dan","Jarvis","lab",-0.916434541536581,-1.17691493351253
NA,"uk.org.publicwhip/member/40689","Seema","Malhotra","lab",-0.673503912023031,0.755128966850035
NA,"uk.org.publicwhip/member/40684","Debbie","Abrahams","lab",-0.922009360630133,0.0944050632810508
NA,"uk.org.publicwhip/member/40688","Iain","McKenzie","lab",-1.22082402191359,-1.81334482603882
